<?xml version="1.0" encoding="UTF-8"?><idempiere Name="AD_EntityType" Version="1.0.0" idempiereVersion="7.1.0.qualifier" DataBaseVersion="2019-11-22" Description="" Author="System" AuthorEmail="luisamesty@gmail.com" CreatedDate="Sat Apr 18 18:17:44 VET 2020" UpdatedDate="Sat Apr 18 18:17:44 VET 2020" PackOutVersion="100" UpdateDictionary="true" Client="0-SYSTEM-System" AD_Client_UU="11237b53-9592-4af1-b3c5-afd216514b5d">
    <AD_EntityType type="table">
        <AD_Client_ID>0</AD_Client_ID>
        <AD_Org_ID>0</AD_Org_ID>
        <EntityType>ING</EntityType>
        <IsActive>Y</IsActive>
        <Name>Ingeint</Name>
        <Description/>
        <Help/>
        <Version/>
        <ModelPackage/>
        <Classpath/>
        <Processing>N</Processing>
        <AD_EntityType_UU>ad498256-7da8-432f-9097-345733d1054c</AD_EntityType_UU>
    </AD_EntityType>
</idempiere>
